id,provinsi,nama,tipe,ibu_kota,latitude,longitude
33.01,Jawa Tengah,Kabupaten Cilacap,Kabupaten,Cilacap,-7.7255989139,109.0095398968
33.02,Jawa Tengah,Kabupaten Banyumas,Kabupaten,Purwokerto,-7.4227990605,109.2300833391
33.03,Jawa Tengah,Kabupaten Purbalingga,Kabupaten,Purbalingga,-7.3888144203,109.36407616798
33.04,Jawa Tengah,Kabupaten Banjarnegara,Kabupaten,Banjarnegara,-7.3956953908,109.6960697362
33.05,Jawa Tengah,Kabupaten Kebumen,Kabupaten,Kebumen,-7.6684437365,109.6537158312
33.06,Jawa Tengah,Kabupaten Purworejo,Kabupaten,Purworejo,-7.7139746009,110.0082985542
33.07,Jawa Tengah,Kabupaten Wonosobo,Kabupaten,Wonosobo,-7.3583311423,109.9051625389
33.08,Jawa Tengah,Kabupaten Magelang,Kabupaten,Mungkid,-7.5969840264,110.2235311304
33.09,Jawa Tengah,Kabupaten Boyolali,Kabupaten,Boyolali,-7.5456561042,110.6105957965
33.10,Jawa Tengah,Kabupaten Klaten,Kabupaten,Klaten,-7.7123850363,110.5921356677
33.11,Jawa Tengah,Kabupaten Sukoharjo,Kabupaten,Sukoharjo,-7.6645988722,110.8358676542
33.12,Jawa Tengah,Kabupaten Wonogiri,Kabupaten,Wonogiri,-7.8150583648,110.9256844677
33.13,Jawa Tengah,Kabupaten Karanganyar,Kabupaten,Karanganyar,-7.5955169659,110.9396402965
33.14,Jawa Tengah,Kabupaten Sragen,Kabupaten,Sragen,-7.4263547625,111.0231794389
33.15,Jawa Tengah,Kabupaten Grobogan,Kabupaten,Purwodadi,-7.0820585553,110.9173715965
33.16,Jawa Tengah,Kabupaten Blora,Kabupaten,Blora,-6.9697185057,111.4149227965
33.17,Jawa Tengah,Kabupaten Rembang,Kabupaten,Rembang,-6.7034660299,111.3426214407
33.18,Jawa Tengah,Kabupaten Pati,Kabupaten,Pati,-6.7522267435,111.0399475965
33.19,Jawa Tengah,Kabupaten Kudus,Kabupaten,Kudus,-6.805651711,110.8421953119
33.20,Jawa Tengah,Kabupaten Jepara,Kabupaten,Jepara,-6.5900944625,110.6681297119
33.21,Jawa Tengah,Kabupaten Demak,Kabupaten,Demak,-6.8913546146,110.6383893389
33.22,Jawa Tengah,Kabupaten Semarang,Kabupaten,Ungaran,-7.1289573934,110.4040909965
33.23,Jawa Tengah,Kabupaten Temanggung,Kabupaten,Temanggung,-7.3153164571,110.1818924254
33.24,Jawa Tengah,Kabupaten Kendal,Kabupaten,Kendal,-6.9228368803,110.2035670965
33.25,Jawa Tengah,Kabupaten Batang,Kabupaten,Batang,-6.910710872,109.729682383
33.26,Jawa Tengah,Kabupaten Pekalongan,Kabupaten,Kajen,-7.0250357326,109.5911453254
33.27,Jawa Tengah,Kabupaten Pemalang,Kabupaten,Pemalang,-6.8931514104,109.3807193542
33.28,Jawa Tengah,Kabupaten Tegal,Kabupaten,Slawi,-6.995407828,109.1278949254
33.29,Jawa Tengah,Kabupaten Brebes,Kabupaten,Brebes,-6.8701105519,109.0392108689
33.71,Jawa Tengah,Kota Magelang,Kota,Magelang,-7.5037109663,110.2214708254
33.72,Jawa Tengah,Kota Surakarta,Kota,Surakarta,-7.5692605523,110.82945951
33.73,Jawa Tengah,Kota Salatiga,Kota,Salatiga,-7.3304371484,110.5008298965
33.74,Jawa Tengah,Kota Semarang,Kota,Semarang,-6.9816796166,110.4122341696
33.75,Jawa Tengah,Kota Pekalongan,Kota,Pekalongan,-6.8969497175,109.6620808965
33.76,Jawa Tengah,Kota Tegal,Kota,Tegal,-6.8704087485,109.13741611
